,Actor1 Id,Actor1 Name,Actor2 Id,Actor2 Name,Actor3 Id,Actor3 Name,Movie Id
0,3896,Liam Neeson,2178,Forest Whitaker,11825,Maggie Grace,260346
1,233334,Alessandro Siani,44648,Ana Caterina Morariu,78535,Fabio De Luigi,315319
2,147041,Rapha?l Personnaz,136761,Nathalie Baye,45152,Olivier Gourmet,307103
3,74568,Chris Hemsworth,134184,Leehom Wang,38280,Tang Wei,201088
4,976,Jason Statham,11665,Michael Angarano,16501,Milo Ventimiglia,265208
5,140114,Marie Avgeropoulos,84214,Taylor Lautner,144292,Adam Rayner,290764
6,1181313,Maisie Williams,989325,Ella Purnell,1168128,Haruka Abe,317144
7,55638,Kevin Hart,54415,Josh Gad,53862,Kaley Cuoco,252838
8,215186,Carlos PenaVega,41798,George Lopez,8944,Jamie Lee Curtis,264337
9,32747,Stephen Lang,55464,Kelly Blatz,88072,Brittany Curran,226458
10,75330,Ambyr Childers,11155,Thomas Jane,23821,Bryan Greenberg,307663
11,15338,William Mapother,58724,Rya Kihlstedt,56104,Sharon Maughan,299551
12,93210,Domhnall Gleeson,227454,Alicia Vikander,25072,Oscar Isaac,264660
13,85,Johnny Depp,12052,Gwyneth Paltrow,3061,Ewan McGregor,210860
14,57345,Alessandro Gassman,3124,Valeria Golino,34491,Luigi Lo Cascio,320028
15,960479,Nina Simone,1484371,Lisa Simone Kelly,214943,Dick Gregory,318044
16,10697,Alan Cumming,38940,Evan Rachel Wood,29223,Elijah Kelley,302429
17,16866,Jennifer Lopez,932091,Ryan Guzman,1348957,Ian Nelson,241251
18,3136,Salma Hayek,554073,Hiroyuki Watanabe,130024,Jennifer Blanc,277355
19,78030,Ashley Benson,979843,Matt McGorry,1416557,Michael William Freeman,320048
20,455,Paul Haggis,37203,Jason Beghe,71797,Alex Gibney,318224
21,229073,Conrad Anker,1459148,Grace Chin,1403129,Jimmy Chin,318279
22,1328,Sean Astin,5916,Rosario Dawson,51797,Nathan Fillion,297556
23,146287,Pio Marma?,1077537,Franck Gastambide,1418653,Adrianna Gradziel,319340
24,1258076,Maccio Capatonda,1420169,Herbert Ballerina,1420171,Ivo Avido,320316
25,1303037,Taron Egerton,5472,Colin Firth,2231,Samuel L. Jackson,207703
26,59315,Olivia Wilde,45407,Mark Duplass,119589,Donald Glover,243940
27,1425134,Milo Parker,236851,Callan McAuliffe,989411,Ella Hunt,240483
28,928575,Jonny Weston,1279279,Virginia Gardner,515628,Sofia Black-D'Elia,227719
29,144501,Jai Koutrae,1421628,Kendra Appleton,1421629,Todd Lascane,301729
30,18973,Mila Kunis,38673,Channing Tatum,48,Sean Bean,76757
31,76820,Marina Fo?s,93532,Laurent Lafitte,1422336,Alexandre Desrousseaux,319341
32,224354,Justin Fletcher,41379,Omid Djalili,1043416,Richard Webber,263109
33,78798,Tom Kenny,34398,Bill Fagerbakke,70615,Rodger Bumpass,228165
34,523540,Michael Gregorio,78423,Omar Sy,1121169,Iz?a Higelin,323661
35,228012,Regina Cas?,1065193,Michel Joelsas,1342895,Camila M?rdila,310569
36,1416745,Robert Durst,23287,Andrew Jarecki,23289,Marc Smerling,321640
37,131,Jake Gyllenhaal,10860,Jessica Biel,11006,James Marsden,316002
38,118545,Dakota Johnson,1254583,Jamie Dornan,49971,Jennifer Ehle,216015
39,49,Maria Bello,81685,Frank Grillo,582816,Cody Horn,234212
40,2228,Sean Penn,69489,Jasmine Trinca,3810,Javier Bardem,266396
41,24893,Franck Dubosc,22306,Kad Merad,113617,Alexandra Lamy,323020
42,88469,Luca Argentero,23961,Claudio Amendola,586953,Anna Foglietta,325690
43,18897,Jackie Chan,3036,John Cusack,3490,Adrien Brody,300168
44,936431,William Feng,145093,Shawn Dou,1465994,Ankhnyam Ragchaa,309302
45,1269,Kevin Costner,1557921,Ramiro Rodriguez,1116973,Carlos Pratts,228203
46,52997,Rob Corddry,64342,Craig Robinson,54729,Clark Duke,243938
47,18054,Rinko Kikuchi,1285173,Nobuyuki Katsube,1079395,Shirley Venard,244563
48,52404,Mae Whitman,1223726,Robbie Amell,98285,Bella Thorne,272693
49,6719,Ray Wise,70890,Adam Green,62596,Kane Hodder,279972
50,47628,Julian Morris,36672,Tamzin Merchant,1281197,Jassa Ahluwalia,300803
51,51798,Katee Sackhoff,19210,James Van Der Beek,1304469,Russ Bain,327029
52,2888,Will Smith,234352,Margot Robbie,17289,Rodrigo Santoro,256591
53,76788,Dev Patel,5309,Judi Dench,1205,Richard Gere,268238
54,11006,James Marsden,15555,Piper Perabo,879,Billy Bob Thornton,244316
55,1427680,Jessica Rothe,53249,Michael Monks,207509,Mark Hapka,328595
56,82191,Sharlto Copley,76788,Dev Patel,985041,Ninja,198184
57,4937,Vince Vaughn,54697,Dave Franco,11006,James Marsden,239573
58,1389848,Alex Ashbaugh,1434794,Dale Pavinkski,51999,Lili Mirojnick,325358
59,40462,Kristen Bell,19394,Idina Menzel,221611,Jonathan Groff,326359
60,150,RZA,61632,Dustin Nguyen,113948,Eugenia Yuan,321494
61,3896,Liam Neeson,228,Ed Harris,92404,Joel Kinnaman,241554
62,55914,Claudio Bisio,1273683,Frank Matano,36322,Valentina Lodovini,328720
63,4173,Anthony Hopkins,38941,Jim Sturgess,65731,Sam Worthington,228968
64,1016168,Lily James,112,Cate Blanchett,512991,Richard Madden,150689
65,25541,Katherine Heigl,17178,Patrick Wilson,22123,Jordana Brewster,276839
66,77996,Asa Butterfield,28847,Rafe Spall,39658,Sally Hawkins,278236
67,10989,Rupert Grint,2372,Ron Perlman,118616,Robert Sheehan,272548
68,1379398,Gavin Andresen,1422634,Ross Ulbricht,1422637,Cody Wilson,321769
69,2524,Tom Hardy,64,Gary Oldman,87722,Noomi Rapace,181283
70,17303,Ali Larter,1214164,Merrin Dungey,52801,Patrick Fischler,323370
71,9290,Henry Rollins,121868,Booboo Stewart,1228361,Jordan Todosey,279690
72,5374,Jim Parsons,131519,Rihanna,67773,Steve Martin,228161
73,94185,Shailene Woodley,587020,Theo James,204,Kate Winslet,262500
74,145121,Pierre Niney,228714,Ana Girardot,55805,Andr? Marcon,322125
75,17441,Lou Taylor Pucci,1133012,Nadia Hilker,229313,Nick Nevern,241855
76,34434,Missy Peregrym,64612,Jeff Roop,34489,Eric Balfour,228973
77,1896,Don Cheadle,3061,Ewan McGregor,929826,Emayatzy Corinealdi,316000
78,1158,Al Pacino,516,Annette Bening,9278,Jennifer Garner,256924
79,92563,Kurt Cobain,533061,Dave Grohl,7621,Courtney Love,319075
80,1397778,Anya Taylor-Joy,202032,Ralph Ineson,71083,Kate Dickie,310131
81,23659,Will Ferrell,55638,Kevin Hart,88029,Alison Brie,257091
82,6860,Jimmy Bennett,76226,Lexi Ainsworth,1446320,Hunter King,325113
83,57171,Jesse Metcalfe,43928,Meghan Ory,42710,Keegan Connor Tracy,293771
84,6885,Charlize Theron,3292,Nicholas Hoult,56734,Chlo? Grace Moretz,182560
85,12835,Vin Diesel,8167,Paul Walker,18918,Dwayne Johnson,168259
86,17051,James Franco,53714,Rachel McAdams,4273,Charlotte Gainsbourg,246127
87,237577,Yulia Peresild,83836,Yevgeni Tsyganov,1118014,Nikita Tarasov,332270
88,7399,Ben Stiller,3489,Naomi Watts,1023139,Adam Driver,252512
89,2296,Clive Owen,192,Morgan Freeman,76547,Aksel Hennie,308504
90,110014,Christina Hendricks,36592,Saoirse Ronan,8170,Eva Mendes,167810
91,2408,Jamel Debbouze,82302,Ari? Elmaleh,1254992,M?lissa Theuriau,280391
92,569,Ethan Hawke,31717,January Jones,37153,Zo? Kravitz,253626
93,146464,Marco Giallini,57345,Alessandro Gassman,56654,Laura Morante,335051
94,1428976,Tara Flynn,15888,Alan Stanford,8349,Martin Sheen,326215
95,928572,Scott Eastwood,52018,Britt Robertson,12139,Lolita Davidovich,228205
96,11108,Simon Pegg,20374,Teresa Palmer,38664,Sullivan Stapleton,237756
97,15735,Helen Mirren,10859,Ryan Reynolds,61134,Tatiana Maslany,304357
98,22109,Peter Firth,239019,Kit Harington,49971,Jennifer Ehle,292040
99,258,Gael Garc?a Bernal,47296,Jeffrey Dean Morgan,112129,Diego Cata?o,258363
100,17140,Abigail Breslin,23498,Alexander Ludwig,8210,Wes Bentley,277558
101,183812,Jason O'Mara,1164238,Stuart Allan,24813,David McCallum,321528
102,146359,Max Boublil,47337,G?rard Darmon,41526,Patrick Timsit,325516
103,1137824,Mia Goth,76104,Martin McCann,933272,Olwen Fou?r?,329004
104,59175,Blake Lively,91520,Michiel Huisman,3,Harrison Ford,293863
105,17288,Michael Fassbender,113505,Kodi Smit-McPhee,77335,Ben Mendelsohn,223485
106,32895,Kevin James,78436,Raini Rodriguez,72968,Eduardo Ver?stegui,256961
107,1241,John Turturro,67323,Margherita Buy,69488,Nanni Moretti,315872
108,444211,Shelley Hennig,1385058,Moses Jacob Storm,155621,Renee Olstead,277685
109,3392,Michael Douglas,225692,Jeremy Irvine,110421,Hanna Mangan Lawrence,284289
110,21007,Jonah Hill,17051,James Franco,72855,Felicity Jones,245706
111,501,Dakota Fanning,587020,Theo James,1205,Richard Gere,328901
112,90496,Masako Nozawa,122501,Ry? Horikawa,122193,Hiromi Tsuru,303857
113,2295,Mickey Rourke,232006,Nat Wolff,34847,Emma Roberts,330112
114,3223,Robert Downey Jr.,74568,Chris Hemsworth,103,Mark Ruffalo,99861
115,1256170,Jakob Salvati,1639,Emily Watson,11398,Cary-Hiroyuki Tagawa,256962
116,1348474,Camille Cottin,582673,Antony Hickling,1529254,Lou Cottin,325848
117,130640,Hailee Steinfeld,1001657,Sophie Turner,56731,Jessica Alba,248574
118,36662,Carey Mulligan,73381,Matthias Schoenaerts,3968,Michael Sheen,250734
119,130565,Nick Jonas,103554,Isabel Lucas,20212,Dermot Mulroney,317744
120,55536,Melissa McCarthy,9642,Jude Law,9827,Rose Byrne,238713
121,24891,Clovis Cornillac,132431,M?lanie Bernier,586729,Lilou Fogli,334878
122,15111,Jean-Claude Van Damme,33343,John Ralston,60652,Darren Shahlavi,326284
123,84223,Anna Kendrick,221581,Rebel Wilson,130640,Hailee Steinfeld,254470
124,1229432,Daniel MacPherson,931264,Grace Huang,216986,Luke Hemsworth,301728
125,70851,Jack Black,11006,James Marsden,17696,Kathryn Hahn,308638
126,368,Reese Witherspoon,63522,Sof?a Vergara,72994,Michael Mosley,268920
127,19536,Josh Duhamel,49,Maria Bello,4784,Laura Dern,300666
128,1100,Arnold Schwarzenegger,17140,Abigail Breslin,20810,Joely Richardson,287424
129,2524,Tom Hardy,6885,Charlize Theron,3292,Nicholas Hoult,76341
130,1437681,Rod Paradot,50,Catherine Deneuve,17074,Sara Forestier,329819
131,3136,Salma Hayek,1925,Vincent Cassel,4764,John C. Reilly,314405
132,190895,Sarah Gadon,1201716,Bel Powley,1639,Emily Watson,300155
133,1467369,Reid Warner,1467370,Darrin Bragg,227364,Ben Rovner,57876
134,5168,Gabriel Byrne,17882,Isabelle Huppert,44735,Jesse Eisenberg,157827
135,52018,Britt Robertson,1461,George Clooney,1055230,Raffey Cassidy,158852
136,5443,Vincent Lindon,1517227,Yves Ory,1517228,Karine de Mirbeck,329712
137,104298,Jhey Castles,1465481,Jason Woods,1243099,Grace Van Dien,339533
138,6807,Sam Rockwell,14892,Rosemarie DeWitt,1079805,Saxon Sharbino,243688
139,3895,Michael Caine,1037,Harvey Keitel,3293,Rachel Weisz,310593
140,517,Pierce Brosnan,63,Milla Jovovich,32597,Dylan McDermott,334074
141,23721,Dieter Laser,573773,Laurence R. Harvey,65831,Robert LaSardo,94365
142,1462214,David Sandberg,62863,Jorma Taccone,1462222,Leopold Nilsson,251516
143,1457444,Nilbio Torres,1457445,Antonio Bolivar,1088611,Brionne Davis,336808
144,18918,Dwayne Johnson,109513,Alexandra Daddario,17832,Carla Gugino,254128
145,51329,Bradley Cooper,54693,Emma Stone,53714,Rachel McAdams,222936
146,11108,Simon Pegg,25703,Lake Bell,139549,Rory Kinnear,332340
147,1473781,Rachel Bernard,1473782,Belle Knox,1473783,Tressa Silguero,318256
148,71189,Cobie Smulders,529,Guy Pearce,18472,Kevin Corrigan,294132
149,43663,Kirin Kiki,68973,Masatoshi Nagase,128039,Miki Mizuno,319373
150,10882,Rosamund Pike,20848,Rumer Willis,1733,Nick Nolte,333381
151,12799,Jeremy Piven,5090,Adrian Grenier,98953,Jerry Ferrara,188222
152,1158,Al Pacino,61659,Chris Messina,18686,Holly Hunter,254905
153,10437,Lily Tomlin,936970,Julia Garner,4726,Marcia Gay Harden,309304
154,20212,Dermot Mulroney,106490,Stefanie Scott,7401,Lin Shaye,280092
155,6413,Danny Huston,1081875,Joe Cole,86441,Alan McKenna,252164
156,76070,Mia Wasikowska,132157,Ezra Miller,224194,Laura Carmichael,253161
157,27995,Barbara Crampton,141226,Andrew Sensenig,4452,Lisa Marie,291272
158,1477489,Kate Angus,1354852,Forrest Borie,1477490,Christopher Bleuze-Carolan,312827
159,73457,Chris Pratt,18997,Bryce Dallas Howard,76793,Irrfan Khan,135397
160,56322,Amy Poehler,169200,Phyllis Smith,21125,Richard Kind,150540
161,92563,Kurt Cobain,43774,Daniel Roebuck,98664,Sarah Scott,295595
162,1425019,Laia Costa,49767,Frederick Lau,1285450,Franz Rogowski,320007
163,1454942,G?za R?hrig,1454944,Levente Moln?r,1457026,Urs Rechn,336050
164,1142720,Thomas Mann,1394670,RJ Cyler,1173984,Olivia Cooke,308369
165,1393836,Bhagavan Angulo,1393837,Govinda Angulo,1393838,Jagadisa Angulo,307931
166,83526,Haruka Ayase,95767,Masami Nagasawa,929358,Kaho,315846
167,116882,Lyndsy Fonseca,1294862,Michael Doneger,11357,Bruce Campbell,351964
168,131,Jake Gyllenhaal,53714,Rachel McAdams,2178,Forest Whitaker,307081
169,18277,Sandra Bullock,65717,Jon Hamm,2232,Michael Keaton,211672
170,1481832,G?ne? Nezihe ?ensoy,1481833,Do?a Zeynep Do?u?lu,1481834,Elit ??can,336804
171,232006,Nat Wolff,1289968,Cara Delevingne,934243,Halston Sage,286565
172,36801,Adam Scott,221809,Taylor Schilling,17881,Jason Schwartzman,308024
173,587506,Shameik Moore,1253355,Kiersey Clemons,1291350,Tony Revolori,308639
174,1327,Ian McKellen,1425134,Milo Parker,350,Laura Linney,280996
175,1271600,Dani Rovira,77122,Mar?a Valverde,224731,Clara Lago,300601
176,1100,Arnold Schwarzenegger,76512,Jason Clarke,1223786,Emilia Clarke,87101
177,1925,Vincent Cassel,33161,Fran?ois Cluzet,1288047,Alice Isaaz,342878
178,13240,Mark Wahlberg,52139,Seth MacFarlane,71070,Amanda Seyfried,214756
179,11108,Simon Pegg,3967,Kate Beckinsale,71403,Rob Riggle,86828
180,6384,Keanu Reeves,1078608,Lorenza Izzo,224513,Ana de Armas,263472
181,58224,Jason Sudeikis,88029,Alison Brie,36801,Adam Scott,288036
182,973385,Ross Lynch,992366,Maia Mitchell,519735,Grace Phipps,325189
183,212198,Tina Ivlev,14700,Richard Tyson,1169644,Bianca Malinowski,310137
184,19159,Thomas Haden Church,1279814,Josh Wiggins,16858,Lauren Graham,272878
185,27103,Graham Phillips,130535,Zack Pearlman,45827,Ashley Greene,343934
186,2227,Nicole Kidman,12763,Joseph Fiennes,1331,Hugo Weaving,245846
187,38673,Channing Tatum,66743,Matt Bomer,20580,Joe Manganiello,264999
188,1165008,Kev Adams,2412,Isabelle Nanty,59031,Didier Bourdon,325844
189,558820,Amy Winehouse,77071,Mark Ronson,138986,Tony Bennett,331781
190,10859,Ryan Reynolds,77335,Ben Mendelsohn,23459,Sienna Miller,309242
191,1327613,Karl Glusman,1469394,Aomi Muyock,1469393,Klara Kristin,292431
192,10859,Ryan Reynolds,2282,Ben Kingsley,76511,Natalie Martinez,238615
193,1357480,Cassidy Gifford,1354870,Ryan Shoos,1401536,Pfeifer Brown,299245
194,1393915,Kitana Kiki Rodriguez,1393916,Mya Taylor,966306,Karren Karagulian,308084
195,237045,Prabhas,215910,Rana Daggubati,85721,Tamanna Bhatia,256040
196,1357480,Cassidy Gifford,1354870,Ryan Shoos,1401536,Pfeifer Brown,299245
197,1490570,Zhang Lei,1490571,Lin Zijie,1490572,Tong Zirong,351694
198,62861,Andy Samberg,239019,Kit Harington,65717,Jon Hamm,287689
199,18056,Koji Yakusho,104522,Aoi Miyazaki,1018944,Shota Sometani,315465
200,22226,Paul Rudd,3392,Michael Douglas,19034,Evangeline Lilly,102899
201,56731,Jessica Alba,517,Pierce Brosnan,56890,Malcolm McDowell,253344
202,19292,Adam Sandler,11705,Michelle Monaghan,22970,Peter Dinklage,257344
203,588057,Bai Baihe,1094210,Jing Boran ,15170,Jiang Wu,334298
204,8289,Billy Crudup,132157,Ezra Miller,11665,Michael Angarano,308032
205,1541022,Anais Bordier,19859,Samantha Futerman,1541024,Kanoa Goo,324325
206,73421,Joaquin Phoenix,54693,Emma Stone,221985,Jamie Blackley,282984
207,440414,Amy Schumer,19278,Bill Hader,60073,Brie Larson,271718
208,42802,Salman Khan,37233,Kareena Kapoor,1489982,Harshaali Malthotra,348892
209,1748,William Shatner,128176,George Buza,1024492,Rob Archer,311539
210,19146,Ian Ziering,1234,Tara Reid,78031,Cassie Scerbo,331446
211,141961,Chad McKnight,115126,Brianne Davis,74133,AJ Bowen,347945
212,500,Tom Cruise,933238,Rebecca Ferguson,11108,Simon Pegg,177677
213,999817,Olivia Taylor Dudley,454,Michael Pe?a,938,Djimon Hounsou,157544
214,1332494,Anthony Padilla,1332495,Ian Hecox,168349,Shane Dawson,311615
215,11288,Robert Pattinson,122889,Dane DeHaan,33192,Joel Edgerton,300153
216,3490,Adrien Brody,4783,Sam Neill,27752,Bruce Spence,332704
217,27105,Ed Helms,18979,Christina Applegate,61263,Skyler Gisondo,296099
218,4589,Benjamin Bratt,53820,Michael C. Hall,39464,Tamara Taylor,323027
219,1229,Jeff Bridges,53714,Rachel McAdams,22226,Paul Rudd,309809
220,23532,Jason Bateman,15556,Rebecca Hall,33192,Joel Edgerton,328425
221,121868,Booboo Stewart,1098962,Dove Cameron,42710,Keegan Connor Tracy,277217
222,41088,Jason Segel,44735,Jesse Eisenberg,34612,Anna Chlumsky,249688
223,11626,Gore Vidal,214705,William F. Buckley,7090,Kelsey Grammer,319067
224,19492,Viola Davis,16866,Jennifer Lopez,74242,Shea Whigham,309581
225,25541,Katherine Heigl,207,Tom Wilkinson,6279,Alexis Bledel,342474
226,18182,Olga Kurylenko,192,Morgan Freeman,17648,James Purefoy,346808
227,91520,Michiel Huisman,130253,Logan Marshall-Green,16859,Tammy Blanchard,306947
228,70851,Jack Black,112476,Dylan Minnette,1121786,Odeya Rush,257445
229,996701,Miles Teller,51072,Kate Mara,135651,Michael B. Jordan,166424
230,3131,Antonio Banderas,17289,Rodrigo Santoro,1137,Juliette Binoche,293646
231,1276,Patricia Clarkson,2282,Ben Kingsley,4177,Jake Weber,284286
232,2714,Lance Henriksen,35521,Matt Winston,1049795,Camille Balsamo,296130
233,1627111,Bob Belleville,1627112,Chrisann Brennan,1189255,Nolan Bushnell,324308
234,4724,Kevin Bacon,1397783,James Freedson-Jackson,1397784,Hays Wellford,310133
235,1201716,Bel Powley,41091,Kristen Wiig,28846,Alexander Skarsg?rd,250124
236,28657,Matthew Fox,52886,Jeffrey Donovan,1009160,Quinn McColgan,338676
237,1220936,Yuuko Sanpei,1246233,Kokoro Kikuchi,82055,Junko Takeuchi,347201
238,133168,Haruma Miura,226711,Kiko Mizuhara,114725,Kanata Hongo,295830
239,93650,Guillermo Francella,1376653,Peter Lanzani,1271291,Liliana Popovich,352161
240,1371398,O'Shea Jackson Jr.,1154054,Corey Hawkins,1115984,Jason Mitchell,277216
241,234352,Margot Robbie,5294,Chiwetel Ejiofor,62064,Chris Pine,193687
242,73968,Henry Cavill,53807,Armie Hammer,227454,Alicia Vikander,203801
243,55936,Jemaine Clement,35705,Regina Hall,1003843,Stephanie Allynne,308027
244,1228341,Munro Chambers,76877,Laurence Leboeuf,11086,Michael Ironside,310135
245,4886,Norman Reedus,938,Djimon Hounsou,65345,Sandrine Holt,284674
246,45400,Greta Gerwig,1345418,Lola Kirke,1388548,Charlie Gillette,309245
247,17288,Michael Fassbender,8293,Marion Cotillard,14887,Paddy Considine,225728
248,527313,Taissa Farmiga,1088672,Ben Rosenfield,1106411,Lindsay Burdge,323674
249,44735,Jesse Eisenberg,37917,Kristen Stewart,17052,Topher Grace,261392
250,27855,Shannyn Sossamon,5296,James Ransone,965205,Tate Ellington,283445
251,1121169,Iz?a Higelin,17522,C?cile De France,49168,No?mie Lvovsky,273153
252,47820,Beno?t Poelvoorde,118178,Virginie Efira,77929,Fran?ois Morel,342281
253,1003,Jean Reno,220692,Alban Lenoir,10916,Caterina Murino,348060
254,36669,Rupert Friend,17306,Zachary Quinto,577478,Hannah Ware,249070
255,115150,Kaya Scodelario,1047649,Ed Skrein,15336,Dougray Scott,341077
256,887,Owen Wilson,25703,Lake Bell,517,Pierce Brosnan,192141
257,29222,Zac Efron,1186505,Emily Ratajkowski,8210,Wes Bentley,301351
258,1431070,Marilyn Lima,123983,Daisy Broom,583853,Finnegan Oldfield,327040
259,1470255,Jesuthasan Antonythasan,1470256,Kalieaswari Srinivasan,1470257,Claudine Vinasithamby,314402
260,21911,Shu Qi,1622,Chang Chen,1309285,Nikki Hsieh,253450
261,1213279,Ryan Corr,75178,Craig Stott,529,Guy Pearce,337960
262,7742,Kristoffer Joner,4457,Thomas Bo Larsen,63769,Ane Dahl Torp,336882
263,18182,Olga Kurylenko,1121,Benicio del Toro,504,Tim Robbins,321751
264,44079,Charlotte Rampling,14011,Tom Courtenay,178614,Dolly Wells,311291
265,966556,Milo Cawthorne,1406654,Kimberley Crossman,1422674,Sam Berkley,323373
266,1498038,Priscilla C. Shirer,525138,T.C. Stallings,167132,Karen Abercrombie,323272
267,52848,Isla Fisher,56675,Anson Mount,94098,Gillian Jacobs,353686
268,17178,Patrick Wilson,17286,Lena Headey,3037,Richard Dreyfuss,309503
269,143240,Julianne Hough,63540,Teddy Sears,1485114,Madalyn Horcher,347754
270,133168,Haruma Miura,226711,Kiko Mizuhara,114725,Kanata Hongo,340382
271,4135,Robert Redford,1733,Nick Nolte,7056,Emma Thompson,232572
272,1381361,Pili Groyne,47820,Beno?t Poelvoorde,2415,Yolande Moreau,330764
273,4173,Anthony Hopkins,47296,Jeffrey Dean Morgan,37260,Abbie Cornish,339527
274,1146,Julie Delpy,37627,Dany Boon,83797,Vincent Lacoste,341392
275,1047649,Ed Skrein,56614,Ray Stevenson,1381175,Loan Chabanol,287948
276,85,Johnny Depp,33192,Joel Edgerton,71580,Benedict Cumberbatch,261023
277,37917,Kristen Stewart,3292,Nicholas Hoult,529,Guy Pearce,301875
278,36281,Imanol Arias,34018,Quim Guti?rrez,1283862,Berto Romero,284514
279,509344,Luca Marinelli,1395660,Alessandro Borghi,55794,Silvia D'Amico Bendico,359156
280,2524,Tom Hardy,70456,Emily Browning,2040,Christopher Eccleston,276907
281,527393,Dylan O'Brien,115150,Kaya Scodelario,25663,Thomas Brodie-Sangster,294254
282,3894,Christian Bale,112,Cate Blanchett,524,Natalie Portman,86835
283,76512,Jason Clarke,131,Jake Gyllenhaal,16851,Josh Brolin,253412
284,25409,Elyas M?Barek,17067,Karoline Herfurth,1272059,Max von der Groeben,329263
285,90060,Pilou Asb?k,67737,Tuva Novotny,82537,S?ren Malling,348674
286,1385063,Olivia DeJonge,1198286,Ed Oxenbould,17696,Kathryn Hahn,298312
287,18277,Sandra Bullock,53650,Anthony Mackie,879,Billy Bob Thornton,10317
288,17605,Idris Elba,1345967,Opeyemi Fagbohungbe,1421427,Abraham Attah,283587
289,8177,Michael Ealy,5411,Sanaa Lathan,9779,Morris Chestnut,304372
290,4173,Anthony Hopkins,12041,Julia Stiles,23498,Alexander Ludwig,359790
291,15735,Helen Mirren,84497,Aaron Paul,4566,Alan Rickman,333352
292,82191,Sharlto Copley,58754,Haley Bennett,562730,Danila Kozlovskiy,325348
293,4135,Robert Redford,112,Cate Blanchett,32798,Elisabeth Moss,300693
294,28846,Alexander Skarsg?rd,127558,Andrea Riseborough,112742,Emily Alyn Lind,360784
295,2963,Nicolas Cage,86468,Sarah Wayne Callies,23524,Veronica Ferres,290637
296,20080,Catherine Frot,55805,Andr? Marcon,4395,Michel Fau,352157
297,11107,Ben Foster,40477,Chris O'Dowd,4483,Dustin Hoffman,271736
298,3416,Demi Moore,2628,Kiefer Sutherland,55636,Donald Sutherland,354110
299,5081,Emily Blunt,1121,Benicio del Toro,16851,Josh Brolin,273481
300,51072,Kate Mara,35013,David Oyelowo,39390,Michael Kenneth Williams,331190
301,57278,Kate Beahan,66681,Matt Bettinelli-Olpin,1499906,Susan Burke,354251
302,191228,Victoria Justice,1310521,Pierson Fode,1272291,Matthew Daddario,306952
303,19292,Adam Sandler,62861,Andy Samberg,77948,Selena Gomez,159824
304,1313583,Levi Miller,9828,Garrett Hedlund,6968,Hugh Jackman,266647
305,380,Robert De Niro,1813,Anne Hathaway,14343,Rene Russo,257211
306,16867,Luis Tosar,24918,Elvira M?nguez,19024,Javier Guti?rrez,351145
307,24045,Joseph Gordon-Levitt,2282,Ben Kingsley,1021684,Charlotte Le Bon,285783
308,1892,Matt Damon,83002,Jessica Chastain,41091,Kristen Wiig,286217
309,1180422,Fatsah Bouyahmed,2192,Lambert Wilson,2408,Jamel Debbouze,377799
310,71070,Amanda Seyfried,934,Russell Crowe,84497,Aaron Paul,254172
311,569,Ethan Hawke,10990,Emma Watson,11207,David Thewlis,241257
312,25438,Ed Speleers,57574,Shauna Macdonald,51120,Elliot Cowan,301846
313,204,Kate Winslet,96066,Liam Hemsworth,6692,Caroline Goodall,298382
314,51329,Bradley Cooper,23459,Sienna Miller,1016168,Lily James,295964
315,18973,Mila Kunis,59410,Bob Odenkirk,51990,T.J. Miller,336313
316,1231,Julianne Moore,27578,Ellen Page,4495,Steve Carell,306745
317,35551,Julie Benz,86653,Carter Jenkins,53255,Cesar Garcia,335866
318,67015,Michael Gross,6213,Jamie Kennedy,1465469,Pearl Thusi,339530
319,1958,Claude Brasseur,17896,Guillaume de Tonqu?dec,65572,Fr?d?rique Bel,360638
320,213581,Oliver Masucci,17543,Fabian Busch,1874,Katja Riemann,318917
321,72466,Colin Farrell,3293,Rachel Weisz,121529,L?a Seydoux,254320
322,527313,Taissa Farmiga,50463,Malin ?kerman,19961,Nina Dobrev,293970
323,62910,Sarah Lind,50398,Devon Sawa,33336,Gina Holden,353345
324,17288,Michael Fassbender,204,Kate Winslet,19274,Seth Rogen,321697
325,1257205,Rowan Blanchard,1512122,Paris Berelc,111923,Karan Brar,360605
326,129928,Sarah Butler,1230687,Jennifer Landon,70569,Doug McKeon,357096
327,76070,Mia Wasikowska,83002,Jessica Chastain,91606,Tom Hiddleston,201085
328,5294,Chiwetel Ejiofor,2227,Nicole Kidman,1204,Julia Roberts,290751
329,17839,Pierfrancesco Favino,59269,Elio Germano,23961,Claudio Amendola,356296
330,11291,Cl?mence Po?sy,18616,David Morrissey,55467,Stephen Campbell Moore,356842
331,1165008,Kev Adams,16922,Jean-Paul Rouve,932117,Vanessa Guide,344268
332,31,Tom Hanks,40900,Mark Rylance,39388,Amy Ryan,296098
333,132712,Keir Gilchrist,92730,Pollyanna McIntosh,46362,Samuel Witwer,306964
334,36662,Carey Mulligan,1283,Helena Bonham Carter,5064,Meryl Streep,245168
335,60073,Brie Larson,1277188,Jacob Tremblay,11148,Joan Allen,264644
336,133,Peter Sarsgaard,1920,Winona Ryder,21359,Edoardo Ballerini,309299
337,36592,Saoirse Ronan,93210,Domhnall Gleeson,1041440,Emory Cohen,167073
338,1063,Lea Thompson,521,Michael J. Fox,1062,Christopher Lloyd,330127
339,1485707,Chris J. Murray,1386222,Brit Shaw,1485708,Ivy George,146301
340,12835,Vin Diesel,1223793,Rose Leslie,3895,Michael Caine,274854
341,1925,Vincent Cassel,25340,Emmanuelle Bercot,16269,Louis Garrel,329805
342,1525556,Federico Clapis,1525557,Lorenzo Ostuni,1525558,Leonardo Decarli,364470
343,59270,Riccardo Scamarcio,88081,Laura Chiatti,25819,Michele Placido,363757
344,1189982,Aubrey Peeples,106490,Stefanie Scott,1313564,Aurora Perrineau,266639
345,1532,Bill Murray,11664,Zooey Deschanel,62,Bruce Willis,253414
346,1034681,Tye Sheridan,116088,Logan Miller,1326885,Joey Morgan,273477
347,290,Christopher Plummer,2641,Martin Landau,14329,Dean Norris,302528
348,6856,Kurt Russell,17178,Patrick Wilson,28657,Matthew Fox,294963
349,8784,Daniel Craig,27319,Christoph Waltz,121529,L?a Seydoux,206647
350,17419,Bryan Cranston,2882,Diane Lane,15735,Helen Mirren,294016
351,1046143,Caity Lotz,17271,Brandon Routh,59216,Tom Cavanagh,332502
352,85139,Nicholas Braun,1110405,Mackenzie Davis,21662,Ed Westwick,218784
353,69310,Ricardo Dar?n,1610,Javier C?mara,74909,Dolores Fonzi,341744
354,56322,Amy Poehler,169200,Phyllis Smith,19278,Bill Hader,355338
355,1333461,Kheiron,23383,Le?la Bekhti,47337,G?rard Darmon,364137
356,1393177,Noah Schnapp,94011,Bill Melendez,1393179,Venus Schultheis,227973
357,119783,Joseph Mawle,81682,Bojana Novakovi?,73288,Michael McElhatton,312831
358,3292,Nicholas Hoult,104561,Craig Roberts,73462,Georgia King,318922
359,103,Mark Ruffalo,2232,Michael Keaton,53714,Rachel McAdams,314365
360,5530,James McAvoy,10980,Daniel Radcliffe,567269,Jessica Brown Findlay,228066
361,2888,Will Smith,7447,Alec Baldwin,13,Albert Brooks,321741
362,67773,Steve Martin,3092,Diane Keaton,1230,John Goodman,333348
363,11701,Angelina Jolie,287,Brad Pitt,19119,M?lanie Laurent,314385
364,10978,Maggie Smith,15739,Alex Jennings,47468,Frances de la Tour,328589
365,47296,Jeffrey Dean Morgan,380,Robert De Niro,7517,Kate Bosworth,336004
366,963134,Raymond Ochoa,1476748,Jack Bright,2954,Jeffrey Wright,105864
367,27578,Ellen Page,38940,Evan Rachel Wood,2978,Max Minghella,334538
368,72129,Jennifer Lawrence,27972,Josh Hutcherson,96066,Liam Hemsworth,131634
369,74568,Chris Hemsworth,239996,Benjamin Walker,2037,Cillian Murphy,205775
370,224731,Clara Lago,1271600,Dani Rovira,1283862,Berto Romero,348537
371,221018,Dan Stevens,8891,John Travolta,10692,Michael Pitt,334527
372,24045,Joseph Gordon-Levitt,19274,Seth Rogen,53650,Anthony Mackie,296100
373,224731,Clara Lago,1271600,Dani Rovira,1283862,Berto Romero,348537
374,558928,Max Charles,34982,Jeff Bennett,973334,Dusan Brown,359983
375,135651,Michael B. Jordan,16483,Sylvester Stallone,95047,Graham McTavish,312221
376,36801,Adam Scott,3051,Toni Collette,1331652,Allison Tolman,287903
377,3063,Tilda Swinton,73381,Matthias Schoenaerts,5469,Ralph Fiennes,324807
378,37632,Eddie Redmayne,227454,Alicia Vikander,73381,Matthias Schoenaerts,306819
379,35,Sally Field,1213603,Max Greenfield,482044,Beth Behrs,320588
380,1548355,Cyril Dion,1548356,Anthony Barnosky,1548357,Olivier De Schutter,371492
381,1186076,Philippe Lacheau,28781,Christian Clavier,1306309,Alice David,331836
382,25616,Edgar Ram?rez,972356,Luke Bracey,20374,Teresa Palmer,257088
383,141876,Roland M?ller,1013156,Mikkel Boe F?lsgaard,34867,Laura Bro,335578
384,1532,Bill Murray,69921,Paul Shaffer,1461,George Clooney,364067
385,1265647,Orelsan,1507097,Gringe,1665812,Seydou Doucour?,366564
386,78110,Scott Adkins,18461,Nick Chinlund,946263,Caitlin Keats,325173
387,3894,Christian Bale,4495,Steve Carell,30614,Ryan Gosling,318846
388,19292,Adam Sandler,84214,Taylor Lautner,884,Steve Buscemi,347969
389,6858,Mike Vogel,1388917,Osy Ikhile,208294,Daisy Betts,373977
390,1315036,Daisy Ridley,236695,John Boyega,1023139,Adam Driver,140607
391,118178,Virginie Efira,1159954,Benjamin Lavernhe,1317905,Lucie Fagedet,369770
392,11662,Jason Lee,15033,Justin Long,98285,Bella Thorne,258509
393,109809,Chen Kun,128026,Huang Bo,21911,Shu Qi,299824
394,62,Bruce Willis,78452,Gina Carano,34502,Kellan Lutz,326425
395,56323,Tina Fey,56322,Amy Poehler,5723,John Leguizamo,266294
396,35742,Shah Rukh Khan,55061,Kajol,1108119,Varun Dhawan,370665
397,1341,Donnie Yen,117760,Lynn Hung,1183808,Zhang Jin,365222
398,17087,Michael Moore,1609628,Krista Kiuru,1609804,Tim Walker,352208
399,1505972,R?phael Ghrenassia,1505973,Joshua Raccah,576402,G?raldine Martineau,358430
400,72129,Jennifer Lawrence,51329,Bradley Cooper,380,Robert De Niro,274479
401,82700,Mario Casas,130260,Adriana Ugarte,1091128,Macarena Garc?a,274109
402,23659,Will Ferrell,13240,Mark Wahlberg,1817,Linda Cardellini,274167
403,6193,Leonardo DiCaprio,2524,Tom Hardy,93491,Will Poulter,281957
404,2231,Samuel L. Jackson,6856,Kurt Russell,10431,Jennifer Jason Leigh,273248
405,32684,Rolf Lassg?rd,99522,Bahar Pars,986805,Filip Berg,348678
406,81331,Maeve Dermody,207558,Aidan Turner,4391,Charles Dance,371758
407,10431,Jennifer Jason Leigh,11207,David Thewlis,119232,Tom Noonan,291270
408,107992,Muharrem Bayrak,1496324,Mehmet Cerrahoglu,1496325,Mehmet Faith Dokgoz,334394
